BupaSplash = /
BupaSitemap = /corporate/sitemap
BupaWhereYouAre = /corporate/bupa-where-you-are
UnitedkingdomPage = /corporate/bupa-where-you-are/united-kingdom
AustraliaPage = /corporate/bupa-where-you-are/australia
ChilePage = /corporate/bupa-where-you-are/chile
ChinaPage = /corporate/bupa-where-you-are/china
HongkongPage = /corporate/bupa-where-you-are/hong-kong
IndiaPage = /corporate/bupa-where-you-are/india
NewzealandPage = /corporate/bupa-where-you-are/new-zealand
PolandPage = /corporate/bupa-where-you-are/poland
SaudiarabiaPage = /corporate/bupa-where-you-are/saudi-arabia
SpainPage = /corporate/bupa-where-you-are/spain
WorldwidePage = /corporate/bupa-where-you-are/worldwide

